Workbook

Sheet Grid
B1: Chemicos2k Superbowl Grid
A2: =countA(B3:K12) -> 100 | B2: =ChiefsScore!B1 -> 3 | C2: =ChiefsScore!B2 -> 7 | D2: =ChiefsScore!B3 -> 2 | E2: =ChiefsScore!B4 -> 1 | F2: =ChiefsScore!B5 -> 6 | G2: =ChiefsScore!B6 -> 9 | H2: =ChiefsScore!B7 -> 4 | I2: =ChiefsScore!B8 -> 0 | J2: =ChiefsScore!B9 -> 5 | K2: =ChiefsScore!B10 -> 8
A3: =EaglesScore!B1 -> 4 | B3: Arun | C3: Sharma | D3: Sharma | E3: Routhu | F3: KK | G3: Ivs | H3: KK | I3: KK | J3: KK | K3: KK
A4: =EaglesScore!B2 -> 1 | B4: Sharma | C4: Ivs | D4: Sharma | E4: Dms | F4: Madhav | G4: Suresh | H4: Ivs | I4: Dms | J4: Madhav | K4: Ramesh
A5: =EaglesScore!B3 -> 3 | B5: Routhu | C5: Madhav | D5: Arun | E5: Sharma | F5: Ramesh | G5: Ramesh | H5: Suresh | I5: KK | J5: Bob | K5: Suresh
A6: =EaglesScore!B4 -> 6 | B6: Bob | C6: Routhu | D6: Ivs | E6: Routhu | F6: Sharma | G6: Arun | H6: Bob | I6: Madhav | J6: Arun | K6: Ramesh
A7: =EaglesScore!B5 -> 9 | B7: Dms | C7: Ramesh | D7: Suresh | E7: Ivs | F7: Arun | G7: Madhav | H7: Ramesh | I7: Arun | J7: Madhav | K7: Bob
A8: =EaglesScore!B6 -> 7 | B8: Dms | C8: KK | D8: Routhu | E8: Ivs | F8: Sharma | G8: Dms | H8: Routhu | I8: Dms | J8: Ramesh | K8: Dms
A9: =EaglesScore!B7 -> 2 | B9: Bob | C9: Bob | D9: Ivs | E9: Bob | F9: Suresh | G9: Bob | H9: Arun | I9: Routhu | J9: Suresh | K9: Arun
A10: =EaglesScore!B8 -> 5 | B10: Ivs | C10: Suresh | D10: Suresh | E10: Ramesh | F10: Ivs | G10: Sharma | H10: Dms | I10: Sharma | J10: Dms | K10: Madhav
A11: =EaglesScore!B9 -> 8 | B11: Ramesh | C11: Sharma | D11: Madhav | E11: KK | F11: Dms | G11: Routhu | H11: Ramesh | I11: Madhav | J11: Arun | K11: Routhu
A12: =EaglesScore!B10 -> 0 | B12: Suresh | C12: Arun | D12: Bob | E12: Suresh | F12: Madhav | G12: Bob | H12: Routhu | I12: KK | J12: Ivs | K12: KK
B14: Eagles Score (Y axis) | F14: Chiefs Score (X axis)

Sheet Instructions

Sheet ChiefsScore
B1: 3 | C1: =RAND() -> 0.68843801
B2: 7 | C2: =RAND() -> 0.53968244
B3: 2 | C3: =RAND() -> 0.070280707
B4: 1 | C4: =RAND() -> 0.75940063
B5: 6 | C5: =RAND() -> 0.90827823
B6: 9 | C6: =RAND() -> 0.4034166
B7: 4 | C7: =RAND() -> 0.13986148
B8: 0 | C8: =RAND() -> 0.48440376
B9: 5 | C9: =RAND() -> 0.074759926
B10: 8 | C10: =RAND() -> 0.52117743

Sheet EaglesScore
B1: 4 | C1: =RAND() -> 0.40036104
B2: 1 | C2: =RAND() -> 0.0051754286
B3: 3 | C3: =RAND() -> 0.0067291258
B4: 6 | C4: =RAND() -> 0.49602107
B5: 9 | C5: =RAND() -> 0.18457853
B6: 7 | C6: =RAND() -> 0.32992104
B7: 2 | C7: =RAND() -> 0.94923681
B8: 5 | C8: =RAND() -> 0.81946639
B9: 8 | C9: =RAND() -> 0.57480567
B10: 0 | C10: =RAND() -> 0.96335732

Sheet Player Pick Order
A1: Suresh | B1: =RAND() -> 0.32937121
A2: Sharma | B2: =RAND() -> 0.037792657
A3: Arun | B3: =RAND() -> 0.39305874
A4: Ivs | B4: =RAND() -> 0.061976008
A5: Dms | B5: =RAND() -> 0.64109159
A6: KK | B6: =RAND() -> 0.59323867
A7: Bob | B7: =RAND() -> 0.69905411
A8: Routhu | B8: =RAND() -> 0.54004058
A9: Ramesh | B9: =RAND() -> 0.98664471
A10: Madhv | B10: =RAND() -> 0.39488965
